,tile_id,x,y,physical_x,physical_y,area,ratio,size,r1,r2,weight,density,mean_distance,moran-I,p-value
d41449530804491d9c79e88457e9b3c2,NULL,1,0,1,0,8158108,1.1002570390701294,3627415,2723,2996,0,0.0625,507.9926180566013,-1,1
ef6c20f9b76803d3dee0566186ce8e6f,NULL,886,499,886,499,4,1,5,2,2,0,0.0625,507.9926180566013,-1,1
