{"a": 1.1102230246251565E-16,"b": -5.551115123125783E-17,"c": 11.999999999999886,"d": 0,"e": 0,"f": 31.99999999999966}
