{"a": 1.0031644001013973,"b": 0.050886421296482354,"c": -348.88519395905314,"d": -0.04681935776082469,"e": 0.9961198064795518,"f": 10.307778274851444}
