{"a": 1.000829093158294,"b": 0.04266283955862793,"c": -332.3781193355935,"d": -0.04491290843316875,"e": 0.9917414903614454,"f": 16.448981027796435}
